Wall time,Step,Value
1582985098.721794,18,3.7180662155151367
1582985185.245472,24,-1.8590333461761475
1582985366.9479983,40,-4.957421779632568
1582985395.0251622,42,3.098388671875
1582985431.8842611,45,-1.2393550872802734
1582985564.6632752,56,1.8590331077575684
1582985739.9517064,71,1.2393555641174316
1582985774.1731198,74,3.7180657386779785
1582986013.6722636,94,-0.6196777820587158
1582986166.6234977,106,-1.8590333461761475
1582986420.3740714,126,-3.718066692352295
1582986753.9860594,155,1.8590333461761475
1582986787.5095055,158,-1.2393555641174316
1582986877.6822753,167,4.337744235992432
1582987065.3120053,183,-0.6196777820587158
1582987083.2520847,185,-2.999991366436916e-09
1582987496.7165983,229,3.718066692352295
1582987546.141846,234,3.098388195037842
1582987681.0574605,249,4.337744235992432
1582987751.6096468,255,6.000000496442226e-09
1582987814.4036777,260,-2.478710651397705
1582987898.929964,267,-1.2393553256988525
1582987968.4770324,273,-4.337743759155273
1582988382.5029163,308,0.6196778416633606
1582988413.3927884,310,4.337744235992432
1582988507.005568,318,4.000000330961484e-08
1582988765.4888773,339,1.2393553256988525
1582988848.2656357,347,1.8590331077575684
1582989069.1884584,367,4.957422256469727
1582989722.7466726,421,0.6196777820587158
1582989739.09226,422,3.098388910293579
1582989953.2441888,439,1.2393555641174316
1582989990.373355,442,-0.6196777820587158
1582990031.633503,445,-2.399999914359796e-07
1582990200.579152,460,-2.478710889816284
1582990222.5274851,463,2.4787111282348633
1582990234.4792101,464,-1.2393555641174316
1582990355.3817701,474,-1.2393555641174316
1582990559.9575455,493,-1.2393555641174316
1582990786.327199,514,2.000062337970121e-09
1582990955.994822,531,3.7180662155151367
1582991001.5617633,536,-0.6196777820587158
1582991299.4061308,563,1.8590333461761475
1582991396.9656866,573,3.718066692352295
1582991463.8570046,579,-1.8590333461761475
1582991556.39904,586,2.478710889816284
1582991571.4593084,587,1.9539925233402755e-14
1582991931.9062738,620,0.6196777820587158
1582991960.4617684,622,-3.098388671875
1582992087.0466976,634,-2.4787111282348633
1582992165.0296283,641,1.2393555641174316
1582992168.7973447,642,1.8590333461761475
1582992185.6232471,644,4.337744235992432
1582992215.6193287,647,1.8590331077575684
1582992229.8225238,649,2.4787111282348633
1582992339.251949,661,1.8590333461761475
1582992449.4790084,671,1.2393555641174316
1582992826.8812933,714,1.7763568394002505e-15
1582992882.520729,722,1.8590333461761475
1582992964.508166,730,3.098388671875
1582993059.3210118,739,-4.957421779632568
1582993150.0743904,752,0.6196778416633606
1582993177.2478154,756,1.8590333461761475
1582993231.04375,765,0.0
1582993279.9693217,769,1.2393553256988525
1582993304.166194,771,-1.2393555641174316
1582993320.5226054,773,3.098388671875
1582993393.1524568,780,-3.098388671875
1582993436.7651792,785,-1.2393555641174316
1582993445.7128181,787,1.8590333461761475
1582993474.6218774,792,-3.0000197881463464e-09
1582993492.170554,794,-0.619677722454071
1582993527.3084688,798,-3.0000162354326676e-09
1582993552.6005187,802,2.478710651397705
1582993586.271131,808,1.8590331077575684
1582993589.7973595,809,-1.8590333461761475
1582993759.8751771,832,2.4787111282348633
1582993799.5076816,836,1.2393555641174316
1582994041.6975472,869,-0.6196777820587158
1582994089.9217165,876,-2.4787111282348633
1582994122.1282046,882,-1.8590333461761475
1582994234.3413005,896,0.6196777820587158
1582994262.0299942,900,2.4787111282348633
1582994316.7681272,907,1.2393555641174316
1582994327.20759,909,-1.2393555641174316
1582994389.5659876,917,1.8590333461761475
1582994499.998579,931,-3.098388671875
1582994504.9845076,932,1.2393555641174316
1582994569.297666,942,-1.2393555641174316
1582994586.331845,945,-3.098388671875
1582994658.0920308,954,-3.098388671875
1582994717.5934474,962,3.098388671875
1582994770.8807187,971,2.4787111282348633
1582994776.6843946,972,-0.6196777820587158
1582994818.880217,978,-1.2393555641174316
1582994823.8985696,979,2.478710651397705
1582994850.5084364,984,4.337744235992432
1582994935.0962033,1002,-1.8590333461761475
1582994949.0475187,1005,2.4787111282348633
1582994996.9742787,1014,2.4787111282348633
1582995195.1973138,1044,1.2393555641174316
1582995289.2563012,1057,2.4787111282348633
1582995325.7690594,1063,1.2393555641174316
1582995348.1818032,1066,3.7180662155151367
1582995366.6382256,1068,-1.7763568394002505e-15
1582995403.0053866,1072,1.8590333461761475
1582995441.0752864,1078,-4.957421779632568
1582995478.2748103,1083,1.2393555641174316
1582995551.2186334,1093,0.6196777820587158
1582995594.4394448,1099,-2.4787111282348633
1582995623.1921885,1104,-2.478710651397705
1582995670.9089088,1114,1.8590333461761475
1582995930.7212408,1156,1.859033226966858
1582995952.3767316,1160,1.9539925233402755e-14
1582995960.2122035,1161,-0.6196777820587158
1582995963.49685,1162,-4.337743759155273
1582996067.9615963,1180,1.2393555641174316
1582996125.5989218,1193,0.6196777820587158
1582996202.1912725,1206,-1.2393555641174316
1582996351.3541985,1232,2.4787111282348633
1582996410.2762733,1244,-1.8590333461761475
1582996468.9236507,1255,0.619677722454071
1582996485.2893171,1258,-1.2393555641174316
1582996506.2368314,1261,-1.2393555641174316
1582996644.4871309,1281,2.478710651397705
1582996682.4030986,1287,-1.2393555641174316
1582996729.171507,1294,1.2393555641174316
1582996770.9397624,1300,-1.2393555641174316
1582996881.776423,1316,-1.2393555641174316
1582996901.1903856,1319,-2.4787111282348633
1582996977.5116448,1330,-1.2393555641174316
1582996989.4875004,1333,3.718066692352295
1582997005.4453259,1336,-0.6196777820587158
1582997013.0907679,1337,-1.8590333461761475
1582997271.4808128,1385,-1.8590331077575684
1582997283.1231883,1388,-3.098388671875
1582997300.945054,1391,1.2393555641174316
1582997303.5264292,1392,2.4787111282348633
1582997422.3037984,1414,1.8590333461761475
1582997491.768673,1426,1.4210854715202004e-14
1582997534.8046916,1436,3.7180662155151367
1582997557.5995655,1440,-3.718066692352295
1582997704.831352,1465,0.6196777820587158
1582997709.165688,1466,-0.6196778416633606
1582997781.666164,1477,1.2393555641174316
1582997848.1355038,1485,-2.6645352591003757e-14
1582997873.4253001,1489,-3.7180662155151367
1582997884.5875819,1491,-0.6196778416633606
1582998081.7764955,1523,-3.098388671875
1582998105.4025116,1527,1.2393555641174316
1582998216.4060745,1552,1.2393555641174316
1582998323.9081619,1568,0.6196777820587158
1582998334.3679194,1569,-0.6196778416633606
1582998412.623342,1584,2.478710651397705
1582998429.650549,1588,1.2393555641174316
1582998503.028817,1604,3.098388671875
1582998508.1934302,1605,-1.8590331077575684
1582998611.7482271,1627,-0.6196777820587158
1582998632.2750328,1632,3.098388671875
1582998658.9839137,1637,1.8590333461761475
1582998672.0258696,1640,-1.2393555641174316
1582998690.5641937,1645,-3.7180657386779785
1582998708.699954,1648,2.4787111282348633
1582998767.5269375,1660,-3.098388671875
1582998811.3373654,1668,-2.4787111282348633
1582998859.4346821,1675,2.999986037366398e-09
1582998918.678861,1682,-0.6196777820587158
1582998973.7519283,1691,1.2393555641174316
1582998990.13291,1695,1.2393555641174316
1582999005.7973602,1697,6.000037799935853e-09
1582999016.8037405,1699,0.6196777820587158
1582999030.8446794,1702,1.2393555641174316
1582999068.73874,1709,-0.6196777820587158
1582999108.8114102,1718,4.957422256469727
1582999171.2058334,1728,0.6196778416633606
1582999192.332634,1732,-1.8590331077575684
1582999199.5446377,1734,1.2393555641174316
1582999210.6606448,1737,1.2393555641174316
1582999244.948277,1742,3.000000248221113e-09
1582999261.218527,1745,0.6196777820587158
1582999264.4056191,1746,-2.4787111282348633
1582999379.0129387,1766,2.4787111282348633
1582999430.629447,1775,-2.4787111282348633
1582999472.6254656,1781,0.6196777820587158
1582999513.1421146,1788,-2.478710651397705
1582999520.1827533,1789,4.337744235992432
1582999569.4559736,1798,0.6196778416633606
1582999602.734517,1805,4.957421779632568
1582999718.6826708,1826,3.098388195037842
1582999743.3997593,1830,-1.8590331077575684
1582999804.0949757,1840,-1.8590333461761475
1582999825.8002946,1844,-2.4787111282348633
1582999866.4177122,1853,1.8590333461761475
1582999921.9013865,1866,-1.8590331077575684
1582999932.6061304,1869,-3.718066692352295
1582999960.311568,1875,-3.098388671875
1582999971.7251143,1877,4.957421779632568
1583000156.0281072,1911,1.2393555641174316
1583000181.0542507,1917,3.7180662155151367
1583000271.980414,1934,1.8590331077575684
1583000313.2259047,1944,1.2393555641174316
1583000325.1575735,1947,-3.098388671875
1583000340.796249,1949,1.2393555641174316
1583000423.4384348,1967,-1.2393555641174316
1583000488.3768222,1981,3.7180662155151367
1583000507.694061,1983,-0.6196777820587158
1583000597.1831825,2001,-2.4787111282348633
1583000622.686896,2005,-0.6196777820587158
1583000664.873392,2013,1.2393555641174316
1583000739.8261967,2030,1.2393555641174316
1583000766.5673347,2036,2.478710651397705
1583000896.4457333,2060,3.098388671875
1583000963.8361824,2073,-1.8590333461761475
1583000983.1746848,2076,2.4787111282348633
1583000986.694765,2077,1.8590333461761475
1583000994.758504,2079,1.2393555641174316
1583001005.7650292,2081,-0.6196777820587158
1583001031.5832312,2085,-1.2393555641174316
1583001049.209124,2089,1.2393555641174316
1583001076.8532012,2096,-3.098388671875
1583001138.5969367,2111,-1.8590331077575684
1583001288.6193113,2145,-3.098388671875
1583001318.212937,2149,1.7763568394002505e-15
1583001356.8788905,2156,-0.6196777820587158
1583001400.3499053,2165,-2.478710651397705
1583001467.478808,2177,0.6196778416633606
1583001504.1833355,2187,0.6196777820587158
1583001515.0214252,2189,-1.2393555641174316
1583001525.4004557,2191,-0.6196777820587158
1583001541.436592,2196,2.478710651397705
1583001553.4444463,2199,-1.2393555641174316
1583001585.8341877,2207,1.2393555641174316
1583001599.039311,2211,-0.6196777820587158
1583001698.9602003,2231,1.8590333461761475
1583001723.3552175,2236,-3.7180662155151367
1583001727.6443048,2237,3.718066692352295
1583001734.74825,2239,-1.8590333461761475
1583001746.4988887,2242,-0.6196777820587158
1583001769.889361,2246,1.2393555641174316
1583001774.7270935,2247,3.098388195037842
1583001813.2717123,2254,-1.8590333461761475
1583001832.3453474,2257,9.999929773130134e-10
1583001855.364153,2262,-3.098388671875
1583001951.524917,2281,-1.8590333461761475
1583001997.199577,2291,-1.2393555641174316
1583002021.9487994,2297,2.4787111282348633
1583002055.2086337,2303,-2.4787111282348633
1583002079.0834432,2307,1.2393555641174316
1583002154.524502,2319,-1.2393555641174316
1583002158.4774275,2320,-3.7180662155151367
1583002269.3687928,2345,-0.6196777820587158
1583002307.1647794,2354,-0.6196777820587158
1583002431.1307867,2389,-1.8590331077575684
1583002434.482987,2390,-0.6196777820587158
1583002443.9660757,2392,1.8590333461761475
1583002625.3292162,2436,-1.2393555641174316
1583002666.0522056,2444,-0.6196777820587158
1583002696.4681613,2451,2.4787111282348633
1583002709.4082253,2453,-1.8590331077575684
1583002717.762085,2455,0.6196777820587158
1583002737.806196,2460,1.2393555641174316
1583002864.8436162,2485,0.6196777820587158
1583002870.234747,2486,-2.4787111282348633
1583002923.2441344,2496,-2.478710651397705
1583002933.856828,2498,-0.6196777820587158
1583002955.8632383,2503,1.2393555641174316
1583003010.0884483,2517,-1.8590333461761475
1583003031.5820463,2523,1.2393555641174316
1583003066.2269554,2532,0.6196777820587158
1583003117.1049256,2547,-1.2393555641174316
1583003128.3246326,2551,-1.2393555641174316
1583003137.9692688,2553,-3.098388671875
1583003232.23002,2578,3.7180662155151367
1583003279.608465,2590,-3.098388671875
1583003316.5164464,2600,4.337744235992432
1583003336.819024,2606,-2.4787111282348633
1583003393.6741009,2623,2.4787111282348633
1583003429.2420619,2629,1.2393555641174316
1583003434.6342986,2630,-2.4787111282348633
1583003502.9218714,2644,3.718066692352295
1583003535.8566585,2650,1.8590331077575684
1583003552.8460486,2655,3.000000248221113e-09
1583003647.9683769,2678,-2.4787111282348633
1583003679.8576946,2685,1.8590331077575684
1583003696.5457664,2690,-3.098388671875
1583003745.8794985,2703,-1.8590333461761475
1583003772.0119433,2710,3.098388671875
1583003840.2158062,2725,-6.217248937900877e-15
1583003884.7711833,2737,1.2393555641174316
1583003892.208769,2740,-1.2393555641174316
1583003958.5856676,2754,1.2393555641174316
1583004124.8373494,2789,2.4787111282348633
1583004127.7811236,2790,-1.8590331077575684
1583004130.9315634,2791,-0.6196777820587158
1583004189.6356866,2809,2.4787111282348633
1583004240.4482071,2824,0.619677722454071
1583004460.1985798,2872,3.718066692352295
1583004488.46923,2881,0.6196777820587158
1583004518.6867332,2890,-3.7180662155151367
1583004537.8693497,2896,0.6196777820587158
1583004611.2637587,2917,-2.478710651397705
1583004616.136182,2919,-3.098388671875
1583004617.6498077,2920,-3.098388671875
1583004762.4393337,2967,2.4787111282348633
1583004788.30688,2975,-2.4787111282348633
1583004874.782084,2998,-2.4787111282348633
1583004909.2872803,3007,-1.8590331077575684
1583004921.0224233,3011,-5.577099323272705
1583004931.7322626,3015,-2.4787111282348633
1583004965.1806593,3027,-1.2393555641174316
1583004976.3358114,3030,2.478710651397705
1583005004.1078272,3038,1.8590331077575684
1583005010.933954,3041,-2.4787111282348633
1583005088.5553653,3065,2.4787111282348633
1583005097.407557,3069,-4.337744235992432
1583005103.4077816,3071,-2.4787111282348633
1583005184.0027041,3099,1.8590333461761475
1583005250.8839066,3122,-3.098388671875
1583005306.127408,3137,-1.8590331077575684
1583005335.8988388,3145,1.2393555641174316
1583005355.7119074,3150,0.6196777820587158
1583005372.454933,3155,2.478710651397705
1583005386.9786043,3161,1.2393555641174316
1583005454.1911786,3177,-0.6196777820587158
1583005510.8288906,3195,3.098388671875
1583005512.8379588,3196,-1.8590331077575684
1583005532.1208708,3203,3.7180662155151367
1583005540.5237653,3206,-1.8590331077575684
1583005615.6835902,3230,-2.478710651397705
1583005621.5463898,3233,-3.718066692352295
1583005640.0155077,3240,-3.7180662155151367
1583005648.6460285,3243,-3.098388671875
1583005650.3103032,3244,4.337744235992432
1583005655.522997,3246,0.6196777820587158
1583005659.2387722,3247,-1.2393555641174316
1583005766.2878838,3272,-2.478710651397705
1583005794.467047,3281,4.337743759155273
1583005877.3990848,3305,2.4787111282348633
1583005905.5703099,3313,-1.8590333461761475
1583005951.2064996,3327,2.4787111282348633
1583005952.4455323,3328,3.098388671875
1583006008.3773336,3345,-0.6196777820587158
1583006103.4630697,3374,-3.098388671875
1583006108.3318858,3376,1.2393555641174316
1583006138.5870953,3386,-4.337744235992432
1583006195.2218642,3403,0.6196777820587158
1583006208.2504377,3408,0.6196777820587158
1583006275.6843116,3430,1.2393555641174316
1583006296.6817672,3438,1.8590333461761475
1583006332.2578485,3449,2.4787111282348633
1583006336.4498947,3451,-3.098388671875
1583006350.4270658,3458,4.957422256469727
1583006362.3501673,3464,-2.4787111282348633
1583006381.9665856,3471,0.6196777820587158
1583006395.9992468,3477,3.098388671875
1583006403.9593928,3480,-3.098388671875
1583006448.6526718,3497,-3.098388671875
1583006484.486849,3509,-1.2393555641174316
1583006493.880839,3512,-1.8590331077575684
1583006514.5548165,3519,-3.718066692352295
1583006564.9448674,3535,3.098388671875
1583006569.9751127,3537,1.8590333461761475
1583006586.1058044,3543,-4.337743759155273
1583006595.5881548,3547,-3.718066692352295
1583006637.5534978,3563,-2.4787111282348633
1583006683.5269363,3580,-1.2393555641174316
1583006731.8042521,3600,1.2393555641174316
1583006778.131113,3618,-0.6196777820587158
1583006781.851274,3620,-2.4787111282348633
1583006785.3498094,3622,0.6196778416633606
1583006794.577183,3625,0.6196777820587158
1583006801.9682877,3628,-0.6196777820587158
1583006847.1633,3645,-3.098388671875
1583006878.2206814,3656,-0.6196777820587158
1583006915.3327224,3670,1.9999992773023223e-09
1583006998.955713,3700,-1.2393555641174316
1583007004.0030673,3702,3.098388671875
1583007058.0024092,3726,2.4787111282348633
1583007069.927561,3730,2.4787111282348633
1583007073.8180575,3732,-1.8590333461761475
1583007088.4576223,3738,0.619677722454071
1583007096.3255858,3741,-1.2393555641174316
1583007100.7735765,3743,0.6196777820587158
1583007127.1443064,3752,-3.7180662155151367
1583007144.3020854,3759,1.8590333461761475
1583007180.409618,3772,-0.6196777820587158
1583007204.9407415,3780,-1.8590333461761475
1583007246.6118827,3793,1.2393555641174316
1583007252.0949109,3795,-3.098388671875
1583007258.4522958,3798,2.4787111282348633
1583007298.254417,3814,1.2393555641174316
1583007309.6812463,3819,0.6196778416633606
1583007313.9670138,3821,-2.4787111282348633
1583007338.9983335,3831,0.6196777820587158
1583007349.3173203,3835,2.4787111282348633
1583007414.2372534,3864,0.6196777820587158
1583007426.6469293,3869,0.6196777820587158
1583007442.6203713,3876,-1.8590333461761475
1583007544.5403013,3920,1.8590333461761475
1583007566.8893166,3928,3.7180662155151367
1583007583.6612718,3935,-3.098388671875
1583007593.3299184,3939,2.4787111282348633
1583007628.7176204,3950,1.8590333461761475
1583007642.8024092,3956,1.8590333461761475
1583007660.429646,3962,-2.4787111282348633
1583007717.7114694,3984,-4.337744235992432
1583007749.5322053,3995,-1.2393555641174316
1583007758.6816983,4000,-0.6196778416633606
1583007783.5934782,4009,1.8590331077575684
1583007785.6797183,4010,3.098388671875
1583007809.1373367,4022,-4.337743759155273
1583007831.7264678,4033,0.6196777820587158
1583007842.0356388,4036,-0.6196777820587158
1583007863.8796942,4046,-3.718066692352295
1583007966.0101652,4093,3.098388671875
1583007976.6198242,4098,3.098388671875
1583007978.678377,4099,-3.718066692352295
1583008002.193579,4109,-1.8590331077575684
1583008176.0818326,4182,-0.6196777820587158
1583008201.5422137,4193,-1.8590331077575684
1583008203.955555,4194,0.6196777820587158
1583008205.8984807,4196,2.4787111282348633
1583008210.940847,4198,0.6196777820587158
1583008218.1579797,4201,-1.2393555641174316
1583008220.1742969,4202,-0.6196777820587158
1583008273.8048234,4227,-1.8590333461761475
1583008282.8873515,4232,-3.718066692352295
1583008289.1573665,4235,1.2393555641174316
1583008307.22008,4243,-6.816454887390137
1583008334.4643862,4254,-1.8590333461761475
1583008354.574916,4263,3.098388671875
1583008361.6777823,4266,2.4787111282348633
1583008364.070125,4267,1.2393555641174316
1583008395.5022,4282,-2.4787111282348633
1583008430.2214696,4298,3.7180662155151367
1583008443.168435,4304,-2.4787111282348633
1583008450.8194098,4308,2.478710651397705
1583008469.2176409,4317,-0.6196777820587158
1583008473.8302035,4319,-1.8590333461761475
1583008491.970193,4328,-1.8590333461761475
1583008501.6159947,4332,-3.098388671875
1583008526.0080938,4343,-3.718066692352295
1583008578.6692498,4369,-1.8590331077575684
1583008598.4910114,4378,1.8590333461761475
1583008625.4713879,4393,1.8590331077575684
1583008642.0387435,4400,-1.99997707284183e-09
1583008655.4050467,4406,-2.478710651397705
1583008662.0897954,4410,1.2393555641174316
1583008665.1489651,4411,2.4787111282348633
1583008702.2294946,4430,1.8590331077575684
1583008708.275547,4433,-3.098388671875
1583008781.8450384,4469,3.098388671875
1583008794.970986,4475,1.8590333461761475
1583008825.6302638,4490,3.098388671875
1583008830.0961268,4492,-2.4787111282348633
1583008864.700654,4509,-2.4787111282348633
1583008867.6091459,4510,-1.8590333461761475
1583008909.551114,4529,-2.9999931427937554e-09
1583008910.9947503,4530,-3.098388671875
1583008917.9007623,4533,3.718066692352295
1583008934.6245706,4542,-4.337743759155273
1583008952.188191,4553,-2.4787111282348633
1583009001.9901168,4578,1.8590331077575684
1583009010.386531,4581,3.718066692352295
1583009031.760539,4592,1.8590331077575684
1583009036.0055115,4595,-4.337744235992432
1583009039.60428,4597,4.337744235992432
1583009044.4739344,4599,1.8590331077575684
1583009067.0645182,4611,-2.478710651397705
1583009099.9363456,4628,-1.8590333461761475
1583009143.830057,4649,-0.6196777820587158
1583009155.977205,4656,-1.8590333461761475
1583009173.0463064,4664,-2.4787111282348633
1583009179.5036635,4668,4.337744235992432
1583009195.22448,4675,4.337744235992432
1583009197.1749682,4676,0.6196777820587158
1583009200.2661386,4677,0.619677722454071
1583009221.9309473,4687,1.2393555641174316
1583009276.923018,4713,-2.4787111282348633
1583009291.8894918,4718,-0.6196777820587158
1583009329.9212778,4734,-2.4787111282348633
1583009352.944789,4745,1.8590331077575684
1583009360.718262,4749,-3.098388671875
1583009361.860512,4750,-1.8590333461761475
1583009375.1741772,4758,-4.337744235992432
1583009386.5515554,4764,1.8590331077575684
1583009392.3154256,4767,2.4787111282348633
1583009411.0091538,4776,3.718066692352295
1583009417.7005343,4780,4.337744235992432
1583009435.1807032,4787,2.478710651397705
1583009436.6113925,4788,-3.098388671875
1583009447.3707259,4794,-3.7180662155151367
1583009459.803492,4800,-2.4787111282348633
1583009463.0302727,4802,-4.957422256469727
1583009470.5353668,4805,-0.6196777820587158
1583009536.8372183,4840,1.8590333461761475
1583009562.480049,4852,2.4787111282348633
1583009599.7472672,4871,-1.2393555641174316
1583009603.9843369,4873,6.000000052353016e-09
1583009642.2690594,4894,-4.337743759155273
1583009679.2049248,4914,1.8590333461761475
1583009724.0321417,4938,2.4787111282348633
1583009729.5458274,4941,1.2393555641174316
1583009753.636802,4954,-4.337744235992432
1583009770.3990488,4962,-1.8590331077575684
1583009784.7831562,4971,-0.6196777820587158
1583009790.4389699,4974,-1.2393555641174316
1583009793.9212346,4976,-3.7180662155151367
1583009795.6498334,4977,2.478710651397705
1583009878.2293675,5021,3.000000470265718e-09
1583009889.0585248,5027,4.337744235992432
1583009894.5652053,5030,-1.2393555641174316
1583009908.9931715,5037,1.2393555641174316
1583009939.2245605,5050,-1.2393555641174316
1583009942.739894,5052,-2.4787111282348633
1583009944.3585436,5053,-2.4787111282348633
1583009957.6382444,5060,2.4787111282348633
1583009993.9749095,5078,0.6196777820587158
1583010039.001327,5101,-1.2393555641174316
1583010048.6257808,5106,1.2393555641174316
1583010083.965131,5126,3.7180662155151367
1583010087.1589549,5128,6.19677734375
1583010096.7954211,5134,-1.2393555641174316
1583010147.4593344,5160,0.0
1583010157.744059,5165,-1.8590331077575684
1583010190.8010316,5182,-0.6196777820587158
1583010229.5655282,5200,-1.2393555641174316
1583010246.828377,5208,-0.6196778416633606
1583010296.4966974,5231,-1.8590331077575684
1583010304.3306623,5235,-1.2393555641174316
1583010312.1766942,5239,-1.2393555641174316
1583010314.1879919,5240,2.4787111282348633
1583010364.75982,5266,0.6196777820587158
1583010409.465206,5289,3.7180662155151367
1583010474.3196034,5318,0.6196777820587158
1583010501.2203035,5329,-0.6196777820587158
1583010537.9327915,5345,-0.6196777820587158
1583010564.1150756,5359,-2.4787111282348633
1583010566.2902794,5360,0.6196777820587158
1583010601.1774583,5380,-1.2393555641174316
1583010645.8220541,5404,1.8590333461761475
1583010678.8521557,5420,-1.8590333461761475
1583010720.9718552,5439,1.8590333461761475
1583010726.9324706,5442,-1.8590333461761475
1583010735.0874379,5447,1.2393555641174316
1583010811.7553425,5484,-0.6196777820587158
1583010825.9300673,5491,-0.6196777820587158
1583010833.6709268,5495,3.098388195037842
1583010844.4661455,5501,-0.6196777820587158
1583010856.4094996,5507,-1.2393555641174316
1583010866.4907372,5512,3.098388671875
1583010871.336311,5515,4.337743759155273
1583010874.075465,5517,3.718066692352295
1583010922.4272738,5541,-1.8590333461761475
1583010938.2130933,5549,-1.2393555641174316
1583010973.5616539,5566,-2.4787111282348633
1583010982.7834685,5571,1.8590331077575684
1583010986.1508815,5573,-0.6196777820587158
1583011012.07289,5585,-2.4787111282348633
1583011016.0595722,5587,-0.6196777820587158
1583011025.5640326,5593,6.19677734375
1583011055.966746,5605,-0.6196777820587158
1583011068.0564818,5610,0.6196777820587158
1583011085.7780821,5620,-1.8590331077575684
1583011104.2606587,5630,3.718066692352295
1583011164.7897618,5658,1.2393555641174316
1583011167.9048936,5660,-1.2393555641174316
1583011175.1160212,5664,3.098388671875
1583011207.1501706,5679,1.2393555641174316
1583011287.0384543,5720,-1.2393555641174316
1583011292.4351206,5723,2.4787111282348633
1583011327.1547647,5741,3.098388671875
1583011356.954331,5759,3.098388671875
1583011390.984323,5776,-5.577099800109863
1583011400.5963123,5779,-4.337744235992432
1583011411.0900621,5784,-3.098388671875
1583011420.7547498,5789,-4.337744235992432
1583011462.6952596,5807,1.2393555641174316
1583011465.6490033,5808,-3.000011794540569e-09
1583011501.0453048,5825,-3.098388671875
1583011506.2000964,5828,1.8590331077575684
1583011519.3829377,5835,0.0
1583011569.0727837,5862,1.2393555641174316
1583011572.3350554,5864,1.2393555641174316
1583011585.1961513,5871,1.8590331077575684
1583011626.0680737,5889,1.2393555641174316
1583011645.3950553,5898,1.8590331077575684
1583011666.9892037,5907,-3.7180662155151367
1583011693.8128371,5917,1.8590333461761475
1583011723.795815,5928,-1.2393555641174316
1583011731.3045807,5932,-4.957422256469727
1583011733.818806,5933,-3.098388671875
1583011769.4753036,5952,4.957421779632568
1583011780.1133811,5957,-3.098388671875
1583011784.5391424,5959,-3.718066692352295
1583011791.6452305,5963,1.8590333461761475
1583011809.831657,5972,1.8590331077575684
1583011844.3044393,5990,4.337743759155273
1583011883.6163194,6010,2.4787111282348633
1583011891.8892164,6015,-1.8590331077575684
1583011911.7680354,6024,0.6196777820587158
1583011921.5686388,6030,-3.098388671875
1583011923.568036,6031,1.2393555641174316
1583011931.5205393,6035,-1.8590331077575684
1583011936.7115712,6038,-0.6196777820587158
1583011978.848172,6060,-3.098388671875
1583012011.9945595,6078,-1.2393555641174316
1583012018.8317697,6082,1.8590331077575684
1583012029.4328654,6087,0.6196777820587158
1583012061.9931607,6103,-0.6196777820587158
1583012067.2325547,6105,1.2393555641174316
1583012086.8099277,6115,-1.2393555641174316
1583012098.9886842,6121,-3.7180662155151367
1583012102.975293,6123,1.8590331077575684
1583012114.507874,6129,-1.8590331077575684
1583012117.55941,6131,-2.4787111282348633
1583012120.579071,6133,3.098388671875
1583012141.1646502,6145,-1.8590331077575684
1583012144.587039,6147,-0.6196777820587158
1583012147.8420303,6149,-2.4787111282348633
1583012185.0788417,6172,-4.337744235992432
1583012202.86428,6181,3.718066692352295
1583012207.9188707,6184,-2.478710651397705
1583012239.6855934,6200,4.957421779632568
1583012261.6339424,6211,3.098388671875
1583012265.3782947,6213,1.2393555641174316
1583012277.0177386,6219,1.2393555641174316
1583012299.2122896,6232,-2.478710651397705
1583012308.4599743,6237,0.6196777820587158
1583012321.011409,6244,1.8590333461761475
1583012331.5959952,6250,-1.8590333461761475
1583012355.9199069,6263,4.337744235992432
1583012406.2173865,6289,-1.2393555641174316
1583012454.021745,6312,1.2393555641174316
1583012464.2144556,6316,-0.6196778416633606
1583012466.3995132,6317,-2.999999804131903e-09
1583012478.2896268,6324,-1.8590333461761475
1583012512.7394555,6341,-2.4787111282348633
1583012532.6555433,6352,-4.337744235992432
1583012551.3370464,6363,-3.098388671875
1583012563.494912,6370,-2.4787111282348633
1583012574.3937025,6376,-4.337743759155273
1583012615.6220145,6400,-0.619677722454071
1583012717.3034625,6455,2.4787111282348633
1583012723.4394639,6459,-5.577099800109863
1583012750.4109201,6472,-1.8590333461761475
1583012778.866019,6487,-0.6196777820587158
1583012794.278376,6495,-3.7180662155151367
1583012795.7787356,6496,3.7180662155151367
1583012801.987911,6500,1.8590333461761475
1583012819.4402897,6510,1.2393555641174316
1583012841.062127,6520,2.4787111282348633
1583012842.5957146,6521,-1.8590333461761475
1583012843.7745974,6522,-1.8590333461761475
1583012858.3665004,6530,1.8590333461761475
1583012894.2893372,6550,1.2393555641174316
1583012938.8926933,6574,-1.2393555641174316
1583012951.4394753,6581,-1.8590331077575684
1583012957.0878415,6584,0.0
1583012975.428261,6594,2.4787111282348633
1583012993.2835047,6603,3.098388671875
1583012999.8370452,6606,1.2393555641174316
1583013017.4740348,6616,0.6196777820587158
1583013026.0947638,6621,1.2393555641174316
1583013096.6641386,6657,-5.577099800109863
1583013111.943313,6666,-1.8590333461761475
1583013114.451224,6668,-4.337744235992432
1583013122.423591,6672,-4.337744235992432
1583013133.0938253,6678,0.6196777820587158
1583013138.6317458,6681,2.4787111282348633
1583013154.2113502,6688,-1.8590331077575684
1583013167.5061493,6696,1.2393555641174316
1583013172.5350738,6699,-1.2393555641174316
1583013187.1713367,6707,-0.619677722454071
1583013193.5088918,6711,-3.718066692352295
1583013200.4885874,6715,1.8590331077575684
1583013244.9919684,6738,-0.6196778416633606
1583013251.738679,6742,1.8590331077575684
1583013267.092363,6749,-4.337744235992432
1583013275.0399215,6753,-2.478710651397705
1583013295.2917483,6764,0.6196777820587158
1583013316.7780786,6776,3.098388671875
1583013346.9961674,6792,-1.2393555641174316
1583013394.3343403,6817,-3.7180662155151367
1583013424.4052033,6832,-3.098388671875
1583013449.7681198,6846,5.577099800109863
1583013465.385773,6854,-2.4787111282348633
1583013478.8199325,6862,1.8590333461761475
1583013488.0906978,6868,-2.4787111282348633
1583013489.998415,6869,2.4787111282348633
1583013536.4177487,6895,2.4787111282348633
1583013568.3484564,6909,0.6196777820587158
1583013620.1847012,6934,-1.8590333461761475
1583013653.7312303,6951,0.6196777820587158
1583013676.7011676,6963,-0.6196777820587158
1583013681.5092564,6966,-1.2393555641174316
1583013692.5663044,6972,0.6196777820587158
1583013727.3047059,6990,3.718066692352295
1583013730.9269674,6992,0.6196777820587158
1583013764.1112916,7010,0.6196777820587158
1583013770.3795543,7014,-2.4787111282348633
1583013808.6013427,7035,1.8590333461761475
1583013815.7395484,7039,-3.098388671875
1583013833.9298952,7046,-2.4787111282348633
1583013862.0452816,7059,-2.478710651397705
1583013871.9818652,7065,2.4787111282348633
1583013893.9326615,7079,3.098388671875
1583013916.7930975,7091,-2.4787111282348633
1583013943.9690194,7106,-1.2393555641174316
1583013957.7845197,7114,1.8590331077575684
1583013959.0479562,7115,2.4787111282348633
1583014003.887805,7137,-1.2393555641174316
1583014011.4189014,7141,-2.4787111282348633
1583014041.0804753,7155,-3.098388671875
1583014063.0383828,7167,3.098388671875
1583014064.9950488,7168,1.2393555641174316
1583014075.1632464,7175,1.8590331077575684
1583014101.6351862,7189,1.8590333461761475
1583014110.5921085,7195,1.8590331077575684
1583014123.8475256,7202,-1.2393555641174316
1583014126.4916015,7204,-2.4787111282348633
1583014141.1202097,7213,3.098388671875
1583014144.2046893,7215,1.8590333461761475
1583014145.618945,7216,-1.2393555641174316
1583014178.4280634,7235,-1.2393555641174316
1583014183.4192786,7238,1.2393555641174316
1583014197.916667,7247,4.337743759155273
1583014222.5529864,7260,-1.2393555641174316
1583014264.5991507,7284,3.000000026176508e-09
1583014294.1930845,7300,-3.098388671875
1583014318.4741256,7311,0.6196777820587158
1583014349.553324,7329,-1.2393555641174316
1583014368.2744975,7339,1.2393555641174316
1583014369.8686996,7340,1.8590333461761475
1583014380.5961251,7346,0.6196777820587158
1583014395.5110097,7353,-1.8590331077575684
1583014403.9358954,7357,-2.4787111282348633
1583014405.4640203,7358,1.8590333461761475
1583014407.5496285,7359,-1.2393555641174316
1583014448.8284442,7381,-4.337744235992432
1583014450.2111976,7382,3.7180662155151367
1583014456.4981978,7386,-1.8590331077575684
1583014460.1800866,7388,1.2393555641174316
1583014477.4786737,7397,-0.6196777820587158
1583014485.7384992,7401,0.6196777820587158
1583014535.413876,7430,1.2393555641174316
1583014537.3691318,7431,-1.2393555641174316
1583014555.8624613,7440,-0.6196777820587158
1583014561.7615535,7443,0.0
1583014574.387446,7450,2.4787111282348633
1583014593.351687,7460,-1.8590331077575684
1583014595.821098,7461,-3.098388671875
1583014598.4381804,7463,4.337744235992432
1583014608.4001112,7468,1.2393555641174316
1583014619.0825093,7474,2.4787111282348633
1583014627.4549644,7478,1.2393555641174316
1583014630.7684057,7480,1.2393555641174316
1583014664.6374536,7496,-0.6196777820587158
1583014675.3333855,7502,-0.6196777820587158
1583014678.4587245,7503,0.6196777820587158
1583014694.7811964,7511,-1.2393555641174316
1583014728.8326714,7530,1.8590331077575684
1583014757.3843112,7547,1.8590333461761475
1583014802.3938224,7573,1.8590333461761475
1583014846.1399014,7596,-2.4787111282348633
1583014870.479857,7609,-0.6196777820587158
1583014876.440215,7612,-3.7180662155151367
1583014933.5555148,7643,0.6196778416633606
1583014934.813029,7644,-1.2393555641174316
1583014960.4434633,7660,3.718066692352295
1583014961.8182466,7661,1.8590331077575684
1583014981.2134752,7671,-1.8590333461761475
1583014986.6005273,7674,1.8590331077575684
1583014990.0070295,7676,-1.2393555641174316
1583015012.0825815,7687,0.6196777820587158
1583015022.7116854,7693,-1.8590333461761475
1583015028.323694,7696,2.4787111282348633
1583015035.1564844,7700,3.7180662155151367
1583015068.051459,7718,1.8590333461761475
1583015069.5777009,7719,1.8590331077575684
1583015076.9767945,7723,3.7180662155151367
1583015084.7447577,7726,2.4787111282348633
1583015088.0337374,7728,-4.957421779632568
1583015112.476623,7742,-3.718066692352295
1583015119.3009934,7746,-0.6196777820587158
1583015138.3284428,7757,-1.2393555641174316
1583015142.523643,7760,-1.2393555641174316
1583015177.5804584,7780,-0.6196777820587158
1583015191.0885925,7788,-3.098388671875
1583015208.8358905,7798,2.4787111282348633
1583015210.8889241,7799,-1.8590333461761475
1583015231.2713802,7810,2.4787111282348633
1583015270.6851134,7833,-3.7180662155151367
1583015279.4937794,7838,-3.098388671875
1583015310.5859222,7855,-1.2393555641174316
1583015390.5511906,7899,-2.4787111282348633
1583015392.115081,7900,-3.098388671875
1583015401.1001754,7904,0.6196777820587158
1583015408.709626,7908,2.4787111282348633
1583015441.109422,7926,0.6196777820587158
1583015453.6499715,7932,-4.957421779632568
1583015531.2258425,7975,0.6196777820587158
1583015545.6525278,7983,-3.7180662155151367
1583015559.9310334,7991,3.098388671875
1583015562.4596937,7992,-1.8590333461761475
1583015593.3757079,8009,9.99999993922529e-09
1583015620.9022927,8022,-1.2393555641174316
1583015628.8959844,8026,-1.8590331077575684
1583015653.161359,8037,0.6196778416633606
1583015676.7791874,8049,-0.6196777820587158
1583015682.1349027,8052,0.6196777820587158
1583015686.4862492,8054,-1.8590333461761475
1583015694.415262,8058,-1.2393555641174316
1583015712.647329,8066,2.4787111282348633
1583015820.779733,8126,1.2393555641174316
1583015833.390145,8132,0.6196777820587158
1583015834.4877937,8133,3.7180662155151367
1583015866.1909523,8150,1.8590333461761475
1583015878.0355618,8157,3.718066692352295
1583015914.9501753,8180,-3.718066692352295
1583015921.4326935,8184,3.098388671875
1583015938.6823277,8195,-2.4787111282348633
1583015943.0058303,8198,3.098388671875
1583015973.3330338,8215,1.2393555641174316
1583015984.036786,8221,0.6196777820587158
1583016005.8169608,8234,-1.2393555641174316
1583016041.9138172,8254,-1.2393555641174316
1583016058.6538951,8263,1.8590331077575684
1583016088.336016,8279,-2.4787111282348633
1583016093.5097153,8281,0.6196778416633606
1583016111.265193,8290,1.8590333461761475
1583016128.2466757,8299,1.2393555641174316
1583016144.699721,8307,1.8590333461761475
1583016180.0796478,8327,-1.8590333461761475
1583016184.0919485,8329,-0.6196777820587158
1583016188.7096841,8332,1.8590333461761475
1583016191.6576629,8334,1.8590331077575684
1583016202.8884919,8340,3.718066692352295
1583016225.3429585,8352,-1.2393555641174316
1583016227.1318748,8353,-2.478710651397705
1583016240.6742554,8360,-0.6196777820587158
1583016246.2511773,8363,-1.2393555641174316
1583016254.770258,8368,1.2393555641174316
1583016266.7713578,8375,2.4787111282348633
1583016271.326508,8377,-0.6196777820587158
1583016367.012234,8428,0.6196777820587158
1583016387.1360123,8439,-0.6196777820587158
1583016392.0799563,8442,0.6196777820587158
1583016399.779278,8447,1.2393555641174316
1583016428.1988997,8463,0.6196777820587158
1583016434.819304,8467,1.8590333461761475
1583016436.1926641,8468,-2.4787111282348633
1583016438.788809,8470,3.718066692352295
1583016454.8271253,8480,2.478710651397705
1583016460.486011,8484,3.098388671875
1583016466.8476357,8488,2.4787111282348633
1583016481.36733,8497,-1.8590331077575684
1583016482.9536045,8498,2.4787111282348633
1583016492.557991,8503,-0.6196777820587158
1583016498.5308714,8507,-3.098388195037842
1583016499.8123488,8508,5.577099800109863
1583016525.8630724,8523,1.2393555641174316
1583016578.824683,8554,-1.2393555641174316
1583016600.7403636,8566,-1.2393555641174316
1583016613.5756314,8573,3.098388671875
1583016621.2050354,8578,-4.337743759155273
1583016644.4544597,8592,1.859033465385437
1583016659.8027198,8601,2.4787111282348633
1583016686.975589,8616,-1.2393555641174316
1583016707.916693,8627,3.7180662155151367
1583016719.1525893,8634,-3.098388671875
1583016720.56211,8635,4.337744235992432
1583016735.2680857,8644,1.8590333461761475
1583016796.649059,8682,2.4787111282348633
1583016801.9226637,8685,-3.718066692352295
1583016804.7257288,8687,-4.337744235992432
1583016808.9122498,8690,-3.098388671875
1583016811.2058544,8691,1.8590331077575684
1583016818.1713727,8695,0.6196777820587158
1583016878.7901287,8727,2.4787111282348633
1583016909.2915397,8741,1.2393555641174316
1583016965.9677517,8768,1.2393555641174316
1583016979.0058455,8774,-1.2393555641174316
1583016985.3628318,8778,-2.4787111282348633
1583017023.2045064,8796,2.4787111282348633
1583017031.6362255,8801,0.6196777820587158
1583017058.340589,8816,1.0000005268295808e-09
1583017065.611933,8819,-1.2393555641174316
1583017071.619333,8822,-3.7180662155151367
1583017114.2194486,8843,1.2393555641174316
1583017135.3474543,8854,-1.2393555641174316
1583017157.1722724,8867,-3.718066692352295
1583017159.1334596,8868,-0.6196777820587158
1583017175.3677633,8878,-3.7180662155151367
1583017182.0519834,8881,-0.6196777820587158
1583017189.2048073,8885,-1.8590333461761475
1583017218.8870153,8902,0.6196777820587158
1583017221.7667007,8904,1.8590333461761475
1583017226.5706475,8907,1.2393555641174316
1583017267.6753337,8928,1.2393555641174316
1583017271.0719478,8930,3.098388671875
1583017281.257421,8935,0.6196777820587158
1583017301.5034127,8946,0.6196777820587158
1583017315.963641,8954,-0.6196777820587158
1583017322.2483597,8958,1.2393555641174316
1583017352.134728,8975,-0.6196777820587158
1583017362.785804,8981,0.6196778416633606
1583017379.3022642,8991,3.718066692352295
1583017381.866993,8993,3.098388671875
1583017394.0256627,8999,3.098388671875
1583017400.9675865,9004,1.2393555641174316
1583017409.5595858,9009,-4.957421779632568
1583017414.4140227,9012,-2.9999993600426933e-09
1583017439.251724,9027,-1.2393555641174316
1583017440.7755997,9028,0.6196777820587158
1583017485.531623,9055,0.6196777820587158
1583017497.1782093,9063,5.577099800109863
1583017512.7851646,9073,-1.8590333461761475
1583017530.1077328,9084,-2.4787111282348633
1583017565.0714197,9105,-3.098388671875
1583017594.03148,9122,1.8590333461761475
1583017595.4804425,9123,-1.8590331077575684
1583017652.0661132,9155,3.098388671875
1583017653.3508215,9156,-3.098388671875
1583017662.4781241,9162,-1.8590333461761475
1583017743.447574,9214,-3.7180662155151367
1583017747.2367618,9216,2.4787111282348633
1583017758.3040977,9223,2.4787111282348633
1583017763.4695022,9226,1.8590331077575684
1583017774.9516795,9233,-4.337744235992432
1583017819.7853305,9260,-3.7180662155151367
1583017859.743498,9281,-4.337744235992432
1583017878.1191525,9291,-0.6196777820587158
1583017907.2510266,9307,-2.4787111282348633
1583017911.1253362,9309,-2.478710651397705
1583017914.3820915,9311,2.478710651397705
1583017922.6646488,9316,-2.4787111282348633
1583017977.2421005,9348,2.4787111282348633
1583017986.268627,9353,-1.8590331077575684
1583018002.0646727,9364,1.8590331077575684
1583018003.3987687,9365,3.718066692352295
1583018004.6616452,9366,1.8590333461761475
1583018009.2772715,9369,0.6196777820587158
1583018039.200472,9385,1.8590333461761475
1583018083.1271555,9412,-4.337744235992432
1583018088.685934,9415,0.6196777820587158
1583018124.063084,9435,-0.6196777820587158
1583018133.8458734,9441,-3.098388671875
1583018135.4302657,9442,-1.8590333461761475
1583018178.5996296,9468,1.8590333461761475
1583018190.4186876,9475,-4.337744235992432
1583018202.9044135,9482,-2.4787111282348633
1583018253.7585897,9515,0.6196777820587158
1583018258.7649922,9518,0.6196777820587158
1583018290.2434893,9537,-2.478710651397705
1583018291.794646,9538,-1.8590333461761475
1583018305.5617723,9547,-0.6196777820587158
1583018317.281981,9554,-4.337744235992432
1583018323.3830152,9557,0.6196777820587158
1583018337.333971,9564,-0.6196777820587158
1583018342.3804808,9567,2.4787111282348633
1583018376.6999335,9586,2.4787111282348633
1583018382.3150887,9589,1.2393555641174316
1583018399.8432426,9600,1.2393555641174316
1583018417.052755,9611,1.8590333461761475
1583018433.5047536,9621,2.4787111282348633
1583018436.846028,9623,-2.4787111282348633
1583018438.6261687,9624,0.6196777820587158
1583018443.2762432,9627,4.337744235992432
1583018480.0596175,9651,-0.6196777820587158
1583018489.2978919,9656,2.4787111282348633
1583018490.3481598,9657,-3.718066692352295
1583018498.2799947,9661,-2.4787111282348633
1583018525.724334,9680,0.6196777820587158
1583018528.3175035,9681,1.2393555641174316
1583018542.2488637,9690,-2.4787111282348633
1583018554.663199,9698,3.098388671875
1583018576.6511638,9710,-0.6196777820587158
1583018638.9669325,9747,-1.8590333461761475
1583018645.251898,9750,-0.6196777820587158
1583018660.9673486,9759,-2.478710651397705
1583018663.135723,9760,-0.6196777820587158
1583018672.3669422,9766,-2.478710651397705
1583018675.5542102,9768,3.098388671875
1583018690.8916423,9777,-3.098388671875
1583018756.7463646,9812,-4.337744235992432
1583018765.787013,9817,-1.8590333461761475
1583018806.299523,9840,3.000000026176508e-09
1583018812.0141947,9843,-3.098388195037842
1583018817.554291,9846,-1.8590331077575684
1583018833.3536215,9855,1.8590333461761475
1583018880.8946161,9883,-1.2393555641174316
1583018923.261267,9907,1.2393555641174316
1583018939.876436,9917,-1.2393555641174316
1583019030.2398312,9972,3.718066692352295
1583019041.9436538,9978,1.8590331077575684
1583019050.2024965,9982,-1.8590331077575684
1583019056.217706,9985,-3.098388671875
1583019080.089866,9996,1.8590333461761475
1583019084.991419,9998,-1.199040866595169e-14
